measure,design,calibration,alpha_true,beta_true,key,estimator,param,truth,done,mean_est,bias,med_bias,sd_est,rmse,mean_se,coverage,reject0
Freedom House,Mean-stationary start,Persistence from difference GMM,0.48882861391324006,0,abr,"Arellano-Bond, difference GMM (replication)",alpha,0.48882861391324006,1,0.43061814477139926,-0.05821046914184082,-0.05797180786303646,0.06677756609057044,0.08853690509628026,0.06591682236669434,0.854,1
Freedom House,Mean-stationary start,Persistence from difference GMM,0.48882861391324006,0,abr,"Arellano-Bond, difference GMM (replication)",beta,0,1,-0.05842090798761273,-0.05842090798761273,-0.06059425025209464,0.16853070727720013,0.17820997892054127,0.1715002621768873,0.93,0.07
Freedom House,Mean-stationary start,Persistence from difference GMM,0.48882861391324006,0,ah,Anderson-Hsiao IV,alpha,0.48882861391324006,1,0.4347098511705978,-0.05411876274264224,0.004025770838177567,1.0396645706207168,1.0400333913129645,3.1378868631368837,0.978,0.886
Freedom House,Mean-stationary start,Persistence from difference GMM,0.48882861391324006,0,ah,Anderson-Hsiao IV,beta,0,1,-0.2062698577389423,-0.2062698577389423,0.029269852814108297,4.319664759533679,4.32026988528486,13.41671024496461,0.992,0.008
Freedom House,Mean-stationary start,Persistence from difference GMM,0.48882861391324006,0,d_one_coll,"Arellano-Bond, difference GMM (one-step)",alpha,0.48882861391324006,1,0.4616526684735642,-0.02717594543967591,-0.03043142633148399,0.11747110709250891,0.1204590971661205,0.12416708605146341,0.962,0.932
Freedom House,Mean-stationary start,Persistence from difference GMM,0.48882861391324006,0,d_one_coll,"Arellano-Bond, difference GMM (one-step)",beta,0,1,-0.06285187584661925,-0.06285187584661925,-0.04923859582225987,0.5232235117474867,0.5264652655743971,0.5058959427689644,0.986,0.014
Freedom House,Mean-stationary start,Persistence from difference GMM,0.48882861391324006,0,d_one_unc,"Difference GMM, uncollapsed, all lags (one-step)",alpha,0.48882861391324006,1,0.39125693365300546,-0.09757168026023459,-0.09388503398668346,0.0713901608004711,0.12085774587424813,0.07267991915334969,0.732,1
Freedom House,Mean-stationary start,Persistence from difference GMM,0.48882861391324006,0,d_one_unc,"Difference GMM, uncollapsed, all lags (one-step)",beta,0,1,-0.09065108481477309,-0.09065108481477309,-0.09269069145694431,0.17205986554080238,0.1943270627405106,0.16526408791741276,0.904,0.096
Freedom House,Mean-stationary start,Persistence from difference GMM,0.48882861391324006,0,d_two_coll,"Arellano-Bond, difference GMM (two-step)",alpha,0.48882861391324006,1,0.4599287035301387,-0.028899910383101374,-0.02660249845899454,0.1235798744896592,0.12679371525542366,0.1270781697904155,0.96,0.91
Freedom House,Mean-stationary start,Persistence from difference GMM,0.48882861391324006,0,d_two_coll,"Arellano-Bond, difference GMM (two-step)",beta,0,1,-0.0817123898228416,-0.0817123898228416,-0.056291558592221236,0.5528347665148425,0.5582937767519405,0.5151263947844333,0.974,0.026
Freedom House,Mean-stationary start,Persistence from difference GMM,0.48882861391324006,0,d_two_unc,"Difference GMM, uncollapsed, all lags (two-step)",alpha,0.48882861391324006,1,0.3844574541768249,-0.10437115973641511,-0.10406048539673085,0.08144441300499582,0.13233769307961038,0.08668617074068947,0.776,0.992
Freedom House,Mean-stationary start,Persistence from difference GMM,0.48882861391324006,0,d_two_unc,"Difference GMM, uncollapsed, all lags (two-step)",beta,0,1,-0.09508237406263634,-0.09508237406263634,-0.08895284961126748,0.18897567191649173,0.21137889872105028,0.18524662288442256,0.914,0.086
Freedom House,Mean-stationary start,Persistence from difference GMM,0.48882861391324006,0,fe,Fixed effects,alpha,0.48882861391324006,1,0.27371659494499406,-0.215112018968246,-0.2134401052515918,0.03470202277708454,0.21788759172712585,0.037296416412866955,0,1
Freedom House,Mean-stationary start,Persistence from difference GMM,0.48882861391324006,0,fe,Fixed effects,beta,0,1,-0.035836290441563216,-0.035836290441563216,-0.03656535363323967,0.0451715100771117,0.05762485665590313,0.04810145933068638,0.904,0.096
Freedom House,Mean-stationary start,Persistence from difference GMM,0.48882861391324006,0,ld_one_coll,"Blundell-Bond, system GMM (one-step)",alpha,0.48882861391324006,1,0.4939575872685533,0.0051289733553132434,0.008477168263467227,0.06730337667214696,0.06743138282824596,0.07384553571024476,0.966,1
Freedom House,Mean-stationary start,Persistence from difference GMM,0.48882861391324006,0,ld_one_coll,"Blundell-Bond, system GMM (one-step)",beta,0,1,0.04370534239846107,0.04370534239846107,0.03841818249046902,0.16209547114233916,0.1677276030815856,0.16514908262547298,0.962,0.038
Freedom House,Mean-stationary start,Persistence from difference GMM,0.48882861391324006,0,ld_two_coll,"Blundell-Bond, system GMM (two-step)",alpha,0.48882861391324006,1,0.49169980413406417,0.0028711902208240943,0.0061222633744990596,0.0706120426719612,0.07059980299158354,0.07367185691858359,0.948,1
Freedom House,Mean-stationary start,Persistence from difference GMM,0.48882861391324006,0,ld_two_coll,"Blundell-Bond, system GMM (two-step)",beta,0,1,0.042305153687679405,0.042305153687679405,0.047504266026845876,0.16295166658525895,0.16819591308996104,0.1548191662349867,0.958,0.042
Freedom House,Mean-stationary start,Persistence from difference GMM,0.48882861391324006,0,ld_two_unc,"System GMM, uncollapsed, all lags (two-step)",alpha,0.48882861391324006,1,0.5234579834872336,0.03462936957399355,0.03828822610066096,0.05856084183358793,0.06798313532750763,0.057332775507552745,0.906,1
Freedom House,Mean-stationary start,Persistence from difference GMM,0.48882861391324006,0,ld_two_unc,"System GMM, uncollapsed, all lags (two-step)",beta,0,1,0.07710901264880472,0.07710901264880472,0.0752263916185194,0.0493494190753643,0.09152209713737608,0.04651108263093745,0.566,0.434
Freedom House,Mean-stationary start,Persistence from difference GMM,0.48882861391324006,0,ols,Pooled OLS,alpha,0.48882861391324006,1,0.7777409214813288,0.2889123075680887,0.28940224924355346,0.023753483932229168,0.2898851859051075,0.022608682547830588,0,1
Freedom House,Mean-stationary start,Persistence from difference GMM,0.48882861391324006,0,ols,Pooled OLS,beta,0,1,0.040078556687151656,0.040078556687151656,0.03987820171700713,0.006855375641981339,0.04065947477486046,0.006909163043769851,0,1
Freedom House,Mean-stationary start,Persistence that reproduces the fixed-effects estimate,0.6000000000000001,0,abr,"Arellano-Bond, difference GMM (replication)",alpha,0.6000000000000001,1,0.5330403351672149,-0.06695966483278519,-0.06609940802589298,0.07284618673359435,0.09889160986808418,0.06847158293636506,0.826,1
Freedom House,Mean-stationary start,Persistence that reproduces the fixed-effects estimate,0.6000000000000001,0,abr,"Arellano-Bond, difference GMM (replication)",beta,0,1,-0.0764108934087238,-0.0764108934087238,-0.08029549989306517,0.17908263044065983,0.19453809904492797,0.17460356846866099,0.932,0.068
Freedom House,Mean-stationary start,Persistence that reproduces the fixed-effects estimate,0.6000000000000001,0,ah,Anderson-Hsiao IV,alpha,0.6000000000000001,1,0.5894063541318209,-0.010593645868179177,0.009102745972193627,0.3359187626309465,0.3357498437678141,0.7468807154383018,0.984,0.904
Freedom House,Mean-stationary start,Persistence that reproduces the fixed-effects estimate,0.6000000000000001,0,ah,Anderson-Hsiao IV,beta,0,1,-0.018127070309168217,-0.018127070309168217,0.03348754491245292,1.6681241097796569,1.6665537375719128,4.133664279415973,0.99,0.01
Freedom House,Mean-stationary start,Persistence that reproduces the fixed-effects estimate,0.6000000000000001,0,d_one_coll,"Arellano-Bond, difference GMM (one-step)",alpha,0.6000000000000001,1,0.5701238594479786,-0.02987614055202156,-0.03269006619639847,0.13064890995803452,0.13389392507563713,0.1346544210050174,0.96,0.944
Freedom House,Mean-stationary start,Persistence that reproduces the fixed-effects estimate,0.6000000000000001,0,d_one_coll,"Arellano-Bond, difference GMM (one-step)",beta,0,1,-0.07835381846708306,-0.07835381846708306,-0.07728214600738781,0.5067436990822333,0.5122645010878643,0.5186302150556599,0.984,0.016
Freedom House,Mean-stationary start,Persistence that reproduces the fixed-effects estimate,0.6000000000000001,0,d_one_unc,"Difference GMM, uncollapsed, all lags (one-step)",alpha,0.6000000000000001,1,0.49251143086503746,-0.10748856913496267,-0.10437293636816536,0.07582341199242465,0.1314970871207506,0.07500123076413431,0.706,1
Freedom House,Mean-stationary start,Persistence that reproduces the fixed-effects estimate,0.6000000000000001,0,d_one_unc,"Difference GMM, uncollapsed, all lags (one-step)",beta,0,1,-0.11294048024205898,-0.11294048024205898,-0.11576240865579379,0.1727220402929429,0.20622509419044516,0.16849252643672538,0.898,0.102
Freedom House,Mean-stationary start,Persistence that reproduces the fixed-effects estimate,0.6000000000000001,0,d_two_coll,"Arellano-Bond, difference GMM (two-step)",alpha,0.6000000000000001,1,0.5682712640120925,-0.03172873598790763,-0.033882558830627296,0.13885300127840258,0.14229655069425387,0.13868644003817113,0.958,0.936
Freedom House,Mean-stationary start,Persistence that reproduces the fixed-effects estimate,0.6000000000000001,0,d_two_coll,"Arellano-Bond, difference GMM (two-step)",beta,0,1,-0.09840578555660014,-0.09840578555660014,-0.09897164205169418,0.5408197077834039,0.5491672632680176,0.5264011207367778,0.968,0.032
Freedom House,Mean-stationary start,Persistence that reproduces the fixed-effects estimate,0.6000000000000001,0,d_two_unc,"Difference GMM, uncollapsed, all lags (two-step)",alpha,0.6000000000000001,1,0.4837686089068361,-0.116231391093164,-0.11656450121855699,0.08777379560927494,0.14559727673524495,0.09005063591389018,0.738,0.998
Freedom House,Mean-stationary start,Persistence that reproduces the fixed-effects estimate,0.6000000000000001,0,d_two_unc,"Difference GMM, uncollapsed, all lags (two-step)",beta,0,1,-0.12048937886412456,-0.12048937886412456,-0.11763494768225868,0.1904562132176835,0.22520815356903895,0.18864375901023783,0.898,0.102
Freedom House,Mean-stationary start,Persistence that reproduces the fixed-effects estimate,0.6000000000000001,0,fe,Fixed effects,alpha,0.6000000000000001,1,0.36484261141907576,-0.2351573885809243,-0.23475966575254095,0.03537276198819299,0.2377976602708526,0.037066116609480705,0,1
Freedom House,Mean-stationary start,Persistence that reproduces the fixed-effects estimate,0.6000000000000001,0,fe,Fixed effects,beta,0,1,-0.03999567792302472,-0.03999567792302472,-0.04138482096815359,0.046071397164788565,0.06097526336117446,0.049153804891630286,0.886,0.114
Freedom House,Mean-stationary start,Persistence that reproduces the fixed-effects estimate,0.6000000000000001,0,ld_one_coll,"Blundell-Bond, system GMM (one-step)",alpha,0.6000000000000001,1,0.602088952845433,0.002088952845432789,0.0054855167261149695,0.0712104328953623,0.07116985053819523,0.07499509939534454,0.964,1
Freedom House,Mean-stationary start,Persistence that reproduces the fixed-effects estimate,0.6000000000000001,0,ld_one_coll,"Blundell-Bond, system GMM (one-step)",beta,0,1,0.029909564027942516,0.029909564027942516,0.02989002039233668,0.16624108881821065,0.16874658346936344,0.16208041811322704,0.98,0.02
Freedom House,Mean-stationary start,Persistence that reproduces the fixed-effects estimate,0.6000000000000001,0,ld_two_coll,"Blundell-Bond, system GMM (two-step)",alpha,0.6000000000000001,1,0.6009148479952563,9.148479952561538e-4,7.247701607210333e-4,0.07404804757299364,0.07397961928482742,0.07460231906350216,0.948,1
Freedom House,Mean-stationary start,Persistence that reproduces the fixed-effects estimate,0.6000000000000001,0,ld_two_coll,"Blundell-Bond, system GMM (two-step)",beta,0,1,0.02919501963794941,0.02919501963794941,0.03383369305443651,0.16913144755993967,0.17146598739188318,0.15326543052394256,0.972,0.028
Freedom House,Mean-stationary start,Persistence that reproduces the fixed-effects estimate,0.6000000000000001,0,ld_two_unc,"System GMM, uncollapsed, all lags (two-step)",alpha,0.6000000000000001,1,0.6161138092818327,0.016113809281832536,0.016298196107929874,0.057144245814421776,0.05931769339422207,0.05621602142402878,0.93,1
Freedom House,Mean-stationary start,Persistence that reproduces the fixed-effects estimate,0.6000000000000001,0,ld_two_unc,"System GMM, uncollapsed, all lags (two-step)",beta,0,1,0.056150727068547096,0.056150727068547096,0.05855429097085629,0.047969036642478945,0.07381958120838358,0.04447656217069909,0.724,0.276
Freedom House,Mean-stationary start,Persistence that reproduces the fixed-effects estimate,0.6000000000000001,0,ols,Pooled OLS,alpha,0.6000000000000001,1,0.7931589516007611,0.19315895160076096,0.19365518127718878,0.021824359912811498,0.1943855207152473,0.021132571415246437,0,1
Freedom House,Mean-stationary start,Persistence that reproduces the fixed-effects estimate,0.6000000000000001,0,ols,Pooled OLS,beta,0,1,0.0355925635193759,0.0355925635193759,0.03546618310653836,0.006364434637244102,0.0361559897399595,0.006595768529411869,0,1
Freedom House,Start tied to the country effect,Persistence from difference GMM,0.48882861391324006,0,abr,"Arellano-Bond, difference GMM (replication)",alpha,0.48882861391324006,1,0.44692979922914017,-0.04189881468409988,-0.04153704789948365,0.05782794551839515,0.07136451367623312,0.05723771977154975,0.866,1
Freedom House,Start tied to the country effect,Persistence from difference GMM,0.48882861391324006,0,abr,"Arellano-Bond, difference GMM (replication)",beta,0,1,-0.0070148084573744395,-0.0070148084573744395,-0.0074468599172821115,0.0562771130318541,0.05665674507056803,0.0575606268729902,0.962,0.038
Freedom House,Start tied to the country effect,Persistence from difference GMM,0.48882861391324006,0,ah,Anderson-Hsiao IV,alpha,0.48882861391324006,1,0.4887277376300589,-1.0087628318119135e-4,-0.0021045393354661712,0.07254959580846182,0.07247708010324196,0.07066418598621059,0.94,1
Freedom House,Start tied to the country effect,Persistence from difference GMM,0.48882861391324006,0,ah,Anderson-Hsiao IV,beta,0,1,-0.006855856077886575,-0.006855856077886575,-0.006438043776994877,0.06653270770463414,0.06681879043115009,0.0663862312061505,0.944,0.056
Freedom House,Start tied to the country effect,Persistence from difference GMM,0.48882861391324006,0,d_one_coll,"Arellano-Bond, difference GMM (one-step)",alpha,0.48882861391324006,1,0.47463969042892895,-0.014188923484311125,-0.01898913774782615,0.08056879242959136,0.08172926772325251,0.0783063220502135,0.928,1
Freedom House,Start tied to the country effect,Persistence from difference GMM,0.48882861391324006,0,d_one_coll,"Arellano-Bond, difference GMM (one-step)",beta,0,1,-0.005577633071480163,-0.005577633071480163,-0.004425121353570205,0.08522288888838404,0.08532013185398249,0.08002342597383202,0.946,0.054
Freedom House,Start tied to the country effect,Persistence from difference GMM,0.48882861391324006,0,d_one_unc,"Difference GMM, uncollapsed, all lags (one-step)",alpha,0.48882861391324006,1,0.406738392477215,-0.08209022143602508,-0.08638224450446375,0.06922102903344972,0.1073348601999575,0.06627586871772684,0.772,1
Freedom House,Start tied to the country effect,Persistence from difference GMM,0.48882861391324006,0,d_one_unc,"Difference GMM, uncollapsed, all lags (one-step)",beta,0,1,-0.012239484647032867,-0.012239484647032867,-0.013524822483622412,0.06903394736459578,0.0700425549318788,0.06420815964143688,0.936,0.064
Freedom House,Start tied to the country effect,Persistence from difference GMM,0.48882861391324006,0,d_two_coll,"Arellano-Bond, difference GMM (two-step)",alpha,0.48882861391324006,1,0.4751906939383551,-0.01363791997488497,-0.01413967828085222,0.0830636012403898,0.08409373097063662,0.08036664788005347,0.924,1
Freedom House,Start tied to the country effect,Persistence from difference GMM,0.48882861391324006,0,d_two_coll,"Arellano-Bond, difference GMM (two-step)",beta,0,1,-0.006810421281779952,-0.006810421281779952,-0.0073922934846129,0.08642749828225019,0.08660920778095718,0.08180344381257011,0.94,0.06
Freedom House,Start tied to the country effect,Persistence from difference GMM,0.48882861391324006,0,d_two_unc,"Difference GMM, uncollapsed, all lags (two-step)",alpha,0.48882861391324006,1,0.4043246112732552,-0.08450400263998488,-0.08425373694245938,0.07837090038201493,0.11519826601478385,0.07765257480419857,0.802,0.996
Freedom House,Start tied to the country effect,Persistence from difference GMM,0.48882861391324006,0,d_two_unc,"Difference GMM, uncollapsed, all lags (two-step)",beta,0,1,-0.015246908590907894,-0.015246908590907894,-0.014362314758876948,0.075739654701246,0.07718478169467703,0.07285449697135297,0.928,0.072
Freedom House,Start tied to the country effect,Persistence from difference GMM,0.48882861391324006,0,fe,Fixed effects,alpha,0.48882861391324006,1,0.27356293328499703,-0.215265680628243,-0.21624062623303192,0.03699320500818246,0.21841491130113938,0.03725021315001715,0,1
Freedom House,Start tied to the country effect,Persistence from difference GMM,0.48882861391324006,0,fe,Fixed effects,beta,0,1,-0.01982274150461897,-0.01982274150461897,-0.017538066166354702,0.03639562890161751,0.04141175678834346,0.03996779823612493,0.932,0.068
Freedom House,Start tied to the country effect,Persistence from difference GMM,0.48882861391324006,0,ld_one_coll,"Blundell-Bond, system GMM (one-step)",alpha,0.48882861391324006,1,0.48175860863445535,-0.0070700052787847035,-0.008354627758067973,0.06838940491056951,0.06868581700217176,0.06500938883689646,0.932,1
Freedom House,Start tied to the country effect,Persistence from difference GMM,0.48882861391324006,0,ld_one_coll,"Blundell-Bond, system GMM (one-step)",beta,0,1,0.07245576653100037,0.07245576653100037,0.07174807991119714,0.03612179651568471,0.08094450394404999,0.03534142285185122,0.416,0.584
Freedom House,Start tied to the country effect,Persistence from difference GMM,0.48882861391324006,0,ld_two_coll,"Blundell-Bond, system GMM (two-step)",alpha,0.48882861391324006,1,0.4841077619034781,-0.004720852009761957,-0.007642026477033326,0.07061600955647152,0.07070314001348446,0.06657241873832426,0.924,1
Freedom House,Start tied to the country effect,Persistence from difference GMM,0.48882861391324006,0,ld_two_coll,"Blundell-Bond, system GMM (two-step)",beta,0,1,0.07185292912453255,0.07185292912453255,0.07173371084592661,0.03751062073548639,0.08103749748357655,0.037230612505928976,0.446,0.554
Freedom House,Start tied to the country effect,Persistence from difference GMM,0.48882861391324006,0,ld_two_unc,"System GMM, uncollapsed, all lags (two-step)",alpha,0.48882861391324006,1,0.515508264330404,0.026679650417163893,0.027936846201027765,0.05894017726120973,0.06464364124160807,0.05731494855783912,0.904,1
Freedom House,Start tied to the country effect,Persistence from difference GMM,0.48882861391324006,0,ld_two_unc,"System GMM, uncollapsed, all lags (two-step)",beta,0,1,0.06422225872482797,0.06422225872482797,0.06367035153152781,0.0248079611255333,0.0688382348775323,0.024824102867324574,0.256,0.744
Freedom House,Start tied to the country effect,Persistence from difference GMM,0.48882861391324006,0,ols,Pooled OLS,alpha,0.48882861391324006,1,0.775488570955258,0.28665995704201797,0.2878226623022461,0.02236841432455862,0.2875296093253839,0.021939352694559777,0,1
Freedom House,Start tied to the country effect,Persistence from difference GMM,0.48882861391324006,0,ols,Pooled OLS,beta,0,1,0.02641248886674361,0.02641248886674361,0.025825187850339694,0.004877210044768158,0.026858130456176597,0.0045874599889857235,0,1
Freedom House,Start tied to the country effect,Persistence that reproduces the fixed-effects estimate,0.6000000000000001,0,abr,"Arellano-Bond, difference GMM (replication)",alpha,0.6000000000000001,1,0.5540711502589338,-0.04592884974106622,-0.04212779422491186,0.05821488753036899,0.07410569763824237,0.05737255494605155,0.856,1
Freedom House,Start tied to the country effect,Persistence that reproduces the fixed-effects estimate,0.6000000000000001,0,abr,"Arellano-Bond, difference GMM (replication)",beta,0,1,-0.003949778876107054,-0.003949778876107054,-0.0035339779222445244,0.058917124998976306,0.0589905578552945,0.059059538804680164,0.95,0.05
Freedom House,Start tied to the country effect,Persistence that reproduces the fixed-effects estimate,0.6000000000000001,0,ah,Anderson-Hsiao IV,alpha,0.6000000000000001,1,0.6015133442606824,0.001513344260682253,-8.759826070044441e-4,0.07802208173570581,0.07795871060213705,0.07319173222496611,0.928,1
Freedom House,Start tied to the country effect,Persistence that reproduces the fixed-effects estimate,0.6000000000000001,0,ah,Anderson-Hsiao IV,beta,0,1,-0.005511088288099252,-0.005511088288099252,-0.00611295802619948,0.06863870167226488,0.06879113982657134,0.06753486818348536,0.936,0.064
Freedom House,Start tied to the country effect,Persistence that reproduces the fixed-effects estimate,0.6000000000000001,0,d_one_coll,"Arellano-Bond, difference GMM (one-step)",alpha,0.6000000000000001,1,0.5870620932745809,-0.012937906725419111,-0.018095074576596648,0.08106440793526624,0.08201027245329154,0.07870524376802807,0.938,1
Freedom House,Start tied to the country effect,Persistence that reproduces the fixed-effects estimate,0.6000000000000001,0,d_one_coll,"Arellano-Bond, difference GMM (one-step)",beta,0,1,-0.002434283189592355,-0.002434283189592355,-0.0031308796614704093,0.08362363304083183,0.08357542649361083,0.08127743511696418,0.958,0.042
Freedom House,Start tied to the country effect,Persistence that reproduces the fixed-effects estimate,0.6000000000000001,0,d_one_unc,"Difference GMM, uncollapsed, all lags (one-step)",alpha,0.6000000000000001,1,0.5114412077852254,-0.08855879221477475,-0.08947167606432571,0.06773273168611159,0.11145046960116006,0.06611533578879426,0.748,1
Freedom House,Start tied to the country effect,Persistence that reproduces the fixed-effects estimate,0.6000000000000001,0,d_one_unc,"Difference GMM, uncollapsed, all lags (one-step)",beta,0,1,-0.008673954554498665,-0.008673954554498665,-0.00901652851353818,0.07081207848992456,0.07127102669918974,0.06554015527923855,0.928,0.072
Freedom House,Start tied to the country effect,Persistence that reproduces the fixed-effects estimate,0.6000000000000001,0,d_two_coll,"Arellano-Bond, difference GMM (two-step)",alpha,0.6000000000000001,1,0.588036277998118,-0.011963722001882067,-0.013179996826722995,0.08354911920573453,0.08431859257335982,0.08103030172570691,0.93,1
Freedom House,Start tied to the country effect,Persistence that reproduces the fixed-effects estimate,0.6000000000000001,0,d_two_coll,"Arellano-Bond, difference GMM (two-step)",beta,0,1,-0.0042240070739570906,-0.0042240070739570906,-0.00398786901021575,0.08572397626768084,0.0857423182721838,0.08314420589719056,0.946,0.054
Freedom House,Start tied to the country effect,Persistence that reproduces the fixed-effects estimate,0.6000000000000001,0,d_two_unc,"Difference GMM, uncollapsed, all lags (two-step)",alpha,0.6000000000000001,1,0.507452319668663,-0.0925476803313371,-0.09011111889314494,0.075105502597054,0.1191412102591993,0.07789334811215837,0.786,1
Freedom House,Start tied to the country effect,Persistence that reproduces the fixed-effects estimate,0.6000000000000001,0,d_two_unc,"Difference GMM, uncollapsed, all lags (two-step)",beta,0,1,-0.012904882183277866,-0.012904882183277866,-0.012620780801269493,0.07795512716868407,0.07893911471726937,0.07456458947386023,0.926,0.074
Freedom House,Start tied to the country effect,Persistence that reproduces the fixed-effects estimate,0.6000000000000001,0,fe,Fixed effects,alpha,0.6000000000000001,1,0.3629242310404958,-0.23707576895950427,-0.2365230867783939,0.03641276108122655,0.23985028167371333,0.037017864670856576,0,1
Freedom House,Start tied to the country effect,Persistence that reproduces the fixed-effects estimate,0.6000000000000001,0,fe,Fixed effects,beta,0,1,-0.015981831515195825,-0.015981831515195825,-0.014934319541194147,0.03848551462043132,0.04163642040940048,0.041249917677584735,0.934,0.066
Freedom House,Start tied to the country effect,Persistence that reproduces the fixed-effects estimate,0.6000000000000001,0,ld_one_coll,"Blundell-Bond, system GMM (one-step)",alpha,0.6000000000000001,1,0.5851934736162988,-0.014806526383701245,-0.01413536550547645,0.06848374029272761,0.06999911329912717,0.06525629254333064,0.936,1
Freedom House,Start tied to the country effect,Persistence that reproduces the fixed-effects estimate,0.6000000000000001,0,ld_one_coll,"Blundell-Bond, system GMM (one-step)",beta,0,1,0.055412444150805554,0.055412444150805554,0.05436276633644166,0.03503963467988631,0.0655428059612116,0.03392690597413878,0.588,0.412
Freedom House,Start tied to the country effect,Persistence that reproduces the fixed-effects estimate,0.6000000000000001,0,ld_two_coll,"Blundell-Bond, system GMM (two-step)",alpha,0.6000000000000001,1,0.5888978895215892,-0.011102110478410886,-0.01107532852599169,0.07001816039384194,0.07082368640816954,0.06677988172786059,0.932,1
Freedom House,Start tied to the country effect,Persistence that reproduces the fixed-effects estimate,0.6000000000000001,0,ld_two_coll,"Blundell-Bond, system GMM (two-step)",beta,0,1,0.05547104104263889,0.05547104104263889,0.05558470304934948,0.03608792590081862,0.06615716222288753,0.03572365226292213,0.604,0.396
Freedom House,Start tied to the country effect,Persistence that reproduces the fixed-effects estimate,0.6000000000000001,0,ld_two_unc,"System GMM, uncollapsed, all lags (two-step)",alpha,0.6000000000000001,1,0.6014289603977117,0.0014289603977114963,0.0034228666222335113,0.056621899943949096,0.05658329613918128,0.056244413313279715,0.946,1
Freedom House,Start tied to the country effect,Persistence that reproduces the fixed-effects estimate,0.6000000000000001,0,ld_two_unc,"System GMM, uncollapsed, all lags (two-step)",beta,0,1,0.05134812091986573,0.05134812091986573,0.05122404979621231,0.023448016332258202,0.05643881087495699,0.023563746838052117,0.376,0.624
Freedom House,Start tied to the country effect,Persistence that reproduces the fixed-effects estimate,0.6000000000000001,0,ols,Pooled OLS,alpha,0.6000000000000001,1,0.7911973125430156,0.19119731254301556,0.19256260879042086,0.020141589518489062,0.19225317834757952,0.020084243516183486,0,1
Freedom House,Start tied to the country effect,Persistence that reproduces the fixed-effects estimate,0.6000000000000001,0,ols,Pooled OLS,beta,0,1,0.022969574295033775,0.022969574295033775,0.022485255270302658,0.004558318633100843,0.023416619216241035,0.004364530201497971,0.002,0.998
Polity,Mean-stationary start,Persistence from difference GMM,0.5897910230548581,0,abr,"Arellano-Bond, difference GMM (replication)",alpha,0.5897910230548581,1,0.5105934052411331,-0.07919761781372509,-0.07530968968325724,0.07182201454672973,0.10686602658175523,0.07461842588431138,0.8,1
Polity,Mean-stationary start,Persistence from difference GMM,0.5897910230548581,0,abr,"Arellano-Bond, difference GMM (replication)",beta,0,1,-0.002074087225236487,-0.002074087225236487,0.0021520890602069187,0.17940999228700474,0.17924249295180023,0.1801639610229768,0.954,0.046
Polity,Mean-stationary start,Persistence from difference GMM,0.5897910230548581,0,ah,Anderson-Hsiao IV,alpha,0.5897910230548581,1,0.5644140121255574,-0.025377010929300628,0.005595737632186237,0.8578997275482619,0.8574170229975802,6.381607888344976,0.972,0.906
Polity,Mean-stationary start,Persistence from difference GMM,0.5897910230548581,0,ah,Anderson-Hsiao IV,beta,0,1,-0.05025291208377367,-0.05025291208377367,-0.007807633801907545,4.821265902170248,4.816704375898896,39.08466672452358,1,0
Polity,Mean-stationary start,Persistence from difference GMM,0.5897910230548581,0,d_one_coll,"Arellano-Bond, difference GMM (one-step)",alpha,0.5897910230548581,1,0.574946406232318,-0.014844616822540095,-0.013493135284312452,0.11831109846690659,0.11912129799919578,0.13384215507541655,0.974,0.97
Polity,Mean-stationary start,Persistence from difference GMM,0.5897910230548581,0,d_one_coll,"Arellano-Bond, difference GMM (one-step)",beta,0,1,0.005048776445854269,0.005048776445854269,0.025144253339988154,0.5445093728618409,0.5439880204229931,0.5764061996734555,0.994,0.006
Polity,Mean-stationary start,Persistence from difference GMM,0.5897910230548581,0,d_one_unc,"Difference GMM, uncollapsed, all lags (one-step)",alpha,0.5897910230548581,1,0.4646598899691787,-0.1251311330856794,-0.12671157398310798,0.0849933524407058,0.15121912143144406,0.08278556681772058,0.682,1
Polity,Mean-stationary start,Persistence from difference GMM,0.5897910230548581,0,d_one_unc,"Difference GMM, uncollapsed, all lags (one-step)",beta,0,1,-0.016468032917037755,-0.016468032917037755,-0.026473523838332014,0.17958742119894763,0.18016196789927405,0.1731363924210704,0.954,0.046
Polity,Mean-stationary start,Persistence from difference GMM,0.5897910230548581,0,d_two_coll,"Arellano-Bond, difference GMM (two-step)",alpha,0.5897910230548581,1,0.5799865548584378,-0.009804468196420394,-0.014765932041066798,0.12193930425978608,0.1222112234294731,0.13683999821391607,0.968,0.96
Polity,Mean-stationary start,Persistence from difference GMM,0.5897910230548581,0,d_two_coll,"Arellano-Bond, difference GMM (two-step)",beta,0,1,0.00953677234053606,0.00953677234053606,0.01702336169593366,0.566697805066798,0.5662111439115862,0.5818201481050674,0.988,0.012
Polity,Mean-stationary start,Persistence from difference GMM,0.5897910230548581,0,d_two_unc,"Difference GMM, uncollapsed, all lags (two-step)",alpha,0.5897910230548581,1,0.45284351361819153,-0.13694750943666653,-0.14050266936511224,0.09427801780630635,0.16620826782416426,0.09884735512401248,0.728,0.994
Polity,Mean-stationary start,Persistence from difference GMM,0.5897910230548581,0,d_two_unc,"Difference GMM, uncollapsed, all lags (two-step)",beta,0,1,-0.017871046856105088,-0.017871046856105088,-0.035877374914059956,0.20318567320501454,0.2037675716985323,0.19588436201119672,0.936,0.064
Polity,Mean-stationary start,Persistence from difference GMM,0.5897910230548581,0,fe,Fixed effects,alpha,0.5897910230548581,1,0.3637165514412306,-0.22607447161362748,-0.22641752344991045,0.03493410252468282,0.22875230589339968,0.038743373077196726,0,1
Polity,Mean-stationary start,Persistence from difference GMM,0.5897910230548581,0,fe,Fixed effects,beta,0,1,0.006657672296895846,0.006657672296895846,0.007246985685860508,0.04453998815062245,0.04499074931340359,0.04910974329645585,0.958,0.042
Polity,Mean-stationary start,Persistence from difference GMM,0.5897910230548581,0,ld_one_coll,"Blundell-Bond, system GMM (one-step)",alpha,0.5897910230548581,1,0.5947985805144398,0.005007557459581703,0.008286078994903412,0.07473205343796549,0.07482503379981753,0.0814639598669249,0.954,1
Polity,Mean-stationary start,Persistence from difference GMM,0.5897910230548581,0,ld_one_coll,"Blundell-Bond, system GMM (one-step)",beta,0,1,0.029401202870522693,0.029401202870522693,0.03509638601206433,0.13193863503139894,0.13504598675027124,0.14767559735349833,0.974,0.026
Polity,Mean-stationary start,Persistence from difference GMM,0.5897910230548581,0,ld_two_coll,"Blundell-Bond, system GMM (two-step)",alpha,0.5897910230548581,1,0.5963263146205728,0.006535291565714786,0.01117776812919391,0.07555999104841261,0.07576677146738293,0.08217445968122211,0.968,1
Polity,Mean-stationary start,Persistence from difference GMM,0.5897910230548581,0,ld_two_coll,"Blundell-Bond, system GMM (two-step)",beta,0,1,0.029500420816844064,0.029500420816844064,0.032863342849992705,0.13487115583099735,0.1379279632496967,0.14458217932045841,0.962,0.038
Polity,Mean-stationary start,Persistence from difference GMM,0.5897910230548581,0,ld_two_unc,"System GMM, uncollapsed, all lags (two-step)",alpha,0.5897910230548581,1,0.6216560183716006,0.031864995316742424,0.030245093022844505,0.06549633210094868,0.07277752335835852,0.06263077770650997,0.898,1
Polity,Mean-stationary start,Persistence from difference GMM,0.5897910230548581,0,ld_two_unc,"System GMM, uncollapsed, all lags (two-step)",beta,0,1,0.055337043147143196,0.055337043147143196,0.05699468706484867,0.04834329925752947,0.07344786435428623,0.04763681758109523,0.776,0.224
Polity,Mean-stationary start,Persistence from difference GMM,0.5897910230548581,0,ols,Pooled OLS,alpha,0.5897910230548581,1,0.8435882132047339,0.2537971901498758,0.2545209138263735,0.01920872933826202,0.2545216121672131,0.019033704298311735,0,1
Polity,Mean-stationary start,Persistence from difference GMM,0.5897910230548581,0,ols,Pooled OLS,beta,0,1,0.024725226750619094,0.024725226750619094,0.024762020605668796,0.006100236532153385,0.025465178142833642,0.006057004938081494,0.012,0.988
Polity,Mean-stationary start,Persistence that reproduces the fixed-effects estimate,0.7019498325086859,0,abr,"Arellano-Bond, difference GMM (replication)",alpha,0.7019498325086859,1,0.6116962619646686,-0.09025357054401728,-0.09185113921851062,0.07830745837749337,0.11943827241471501,0.07605548328362301,0.764,1
Polity,Mean-stationary start,Persistence that reproduces the fixed-effects estimate,0.7019498325086859,0,abr,"Arellano-Bond, difference GMM (replication)",beta,0,1,-0.014155783519276386,-0.014155783519276386,-0.00851482885420296,0.19190100633471063,0.19223092999529168,0.18474989567085817,0.95,0.05
Polity,Mean-stationary start,Persistence that reproduces the fixed-effects estimate,0.7019498325086859,0,ah,Anderson-Hsiao IV,alpha,0.7019498325086859,1,0.66436924340867,-0.03758058910001591,0.009746278712542189,0.6633292887904452,0.6637303929711276,5.338855750876964,0.982,0.906
Polity,Mean-stationary start,Persistence that reproduces the fixed-effects estimate,0.7019498325086859,0,ah,Anderson-Hsiao IV,beta,0,1,-0.17536501983763933,-0.17536501983763933,-0.008930392655121433,3.5509568599819135,3.5517360434571095,28.175422218470175,1,0
Polity,Mean-stationary start,Persistence that reproduces the fixed-effects estimate,0.7019498325086859,0,d_one_coll,"Arellano-Bond, difference GMM (one-step)",alpha,0.7019498325086859,1,0.6842814298757295,-0.017668402632956506,-0.013275859904420706,0.1270303320690195,0.12812729727358843,0.13969576787609245,0.97,0.976
Polity,Mean-stationary start,Persistence that reproduces the fixed-effects estimate,0.7019498325086859,0,d_one_coll,"Arellano-Bond, difference GMM (one-step)",beta,0,1,0.003165758985061144,0.003165758985061144,0.012182963403503777,0.5789064892926254,0.5783359576650701,0.5958720899390962,0.994,0.006
Polity,Mean-stationary start,Persistence that reproduces the fixed-effects estimate,0.7019498325086859,0,d_one_unc,"Difference GMM, uncollapsed, all lags (one-step)",alpha,0.7019498325086859,1,0.5669711235076458,-0.13497870900104017,-0.13575984466490798,0.09010787201593648,0.16224192314451094,0.08289448517599843,0.626,1
Polity,Mean-stationary start,Persistence that reproduces the fixed-effects estimate,0.7019498325086859,0,d_one_unc,"Difference GMM, uncollapsed, all lags (one-step)",beta,0,1,-0.02842949154897555,-0.02842949154897555,-0.03266614467744233,0.186415274929819,0.1883862771208109,0.17651206620159807,0.938,0.062
Polity,Mean-stationary start,Persistence that reproduces the fixed-effects estimate,0.7019498325086859,0,d_two_coll,"Arellano-Bond, difference GMM (two-step)",alpha,0.7019498325086859,1,0.6855563136277478,-0.01639351888093812,-0.012173138942729533,0.13184445897531358,0.13272883221466175,0.14336826376890713,0.974,0.968
Polity,Mean-stationary start,Persistence that reproduces the fixed-effects estimate,0.7019498325086859,0,d_two_coll,"Arellano-Bond, difference GMM (two-step)",beta,0,1,0.005290309821693394,0.005290309821693394,-0.003939198444946612,0.6266665851992522,0.6260619572896046,0.6017178675863215,0.99,0.01
Polity,Mean-stationary start,Persistence that reproduces the fixed-effects estimate,0.7019498325086859,0,d_two_unc,"Difference GMM, uncollapsed, all lags (two-step)",alpha,0.7019498325086859,1,0.5551036504826439,-0.14684618202604205,-0.14283696942869195,0.10051761997233107,0.17789712059692714,0.09927246042260003,0.698,1
Polity,Mean-stationary start,Persistence that reproduces the fixed-effects estimate,0.7019498325086859,0,d_two_unc,"Difference GMM, uncollapsed, all lags (two-step)",beta,0,1,-0.03353029425230977,-0.03353029425230977,-0.04477321473620499,0.20310047676950027,0.20564917867406335,0.19983639823585128,0.94,0.06
Polity,Mean-stationary start,Persistence that reproduces the fixed-effects estimate,0.7019498325086859,0,fe,Fixed effects,alpha,0.7019498325086859,1,0.4498578169111368,-0.2520920155975491,-0.24942304793354733,0.03624031681083913,0.25467846035630853,0.03824976162708943,0,1
Polity,Mean-stationary start,Persistence that reproduces the fixed-effects estimate,0.7019498325086859,0,fe,Fixed effects,beta,0,1,0.0024590444263397323,0.0024590444263397323,0.0033413635741127413,0.046146627230961315,0.046165994864991566,0.050508418105576325,0.964,0.036
Polity,Mean-stationary start,Persistence that reproduces the fixed-effects estimate,0.7019498325086859,0,ld_one_coll,"Blundell-Bond, system GMM (one-step)",alpha,0.7019498325086859,1,0.7006682303516137,-0.0012816021570721562,0.0030583226659604,0.07202890221936431,0.07196824948201745,0.07845919759656265,0.958,1
Polity,Mean-stationary start,Persistence that reproduces the fixed-effects estimate,0.7019498325086859,0,ld_one_coll,"Blundell-Bond, system GMM (one-step)",beta,0,1,0.025204736068685674,0.025204736068685674,0.029622510090820953,0.11866598675002646,0.12119707875533485,0.13849033851985829,0.986,0.014
Polity,Mean-stationary start,Persistence that reproduces the fixed-effects estimate,0.7019498325086859,0,ld_two_coll,"Blundell-Bond, system GMM (two-step)",alpha,0.7019498325086859,1,0.7019937063314001,4.387382271424473e-5,0.0036967687801632287,0.07487482809319429,0.0747999286572771,0.08043616487120875,0.962,1
Polity,Mean-stationary start,Persistence that reproduces the fixed-effects estimate,0.7019498325086859,0,ld_two_coll,"Blundell-Bond, system GMM (two-step)",beta,0,1,0.02779428382063556,0.02779428382063556,0.03268676183242647,0.1254254204025973,0.12834560851117569,0.1386220347451761,0.978,0.022
Polity,Mean-stationary start,Persistence that reproduces the fixed-effects estimate,0.7019498325086859,0,ld_two_unc,"System GMM, uncollapsed, all lags (two-step)",alpha,0.7019498325086859,1,0.7022681954221344,3.183629134484367e-4,1.5063836568396383e-4,0.061296619733820355,0.061236120015523914,0.06006087048517543,0.95,1
Polity,Mean-stationary start,Persistence that reproduces the fixed-effects estimate,0.7019498325086859,0,ld_two_unc,"System GMM, uncollapsed, all lags (two-step)",beta,0,1,0.04898844740500042,0.04898844740500042,0.050057421090162535,0.04625421816172534,0.06734271877129308,0.04538117110753136,0.794,0.206
Polity,Mean-stationary start,Persistence that reproduces the fixed-effects estimate,0.7019498325086859,0,ols,Pooled OLS,alpha,0.7019498325086859,1,0.8401722347146493,0.13822240220596338,0.1386453243347533,0.020082413496223937,0.1396707886308256,0.01893894824217279,0,1
Polity,Mean-stationary start,Persistence that reproduces the fixed-effects estimate,0.7019498325086859,0,ols,Pooled OLS,beta,0,1,0.027477405835310116,0.027477405835310116,0.0274942649646657,0.006270983772241242,0.02818251973183207,0.0062865775414905995,0.004,0.996
Polity,Start tied to the country effect,Persistence from difference GMM,0.5897910230548581,0,abr,"Arellano-Bond, difference GMM (replication)",alpha,0.5897910230548581,1,0.5316975355591707,-0.05809348749568745,-0.05851383712742586,0.06275017879961765,0.08546673656409733,0.06207778325912393,0.85,1
Polity,Start tied to the country effect,Persistence from difference GMM,0.5897910230548581,0,abr,"Arellano-Bond, difference GMM (replication)",beta,0,1,0.023753154743090504,0.023753154743090504,0.0171351231522765,0.10093884825352346,0.10359771302892529,0.0948114492577163,0.946,0.054
Polity,Start tied to the country effect,Persistence from difference GMM,0.5897910230548581,0,ah,Anderson-Hsiao IV,alpha,0.5897910230548581,1,0.5887178833815754,-0.0010731396732827302,-0.002039337556934362,0.07841931749672734,0.07834820870126892,0.07855749516290533,0.938,1
Polity,Start tied to the country effect,Persistence from difference GMM,0.5897910230548581,0,ah,Anderson-Hsiao IV,beta,0,1,0.007826609260483989,0.007826609260483989,0.0036519378035442178,0.11793245126602933,0.11807414089464059,0.11597954802044172,0.958,0.042
Polity,Start tied to the country effect,Persistence from difference GMM,0.5897910230548581,0,d_one_coll,"Arellano-Bond, difference GMM (one-step)",alpha,0.5897910230548581,1,0.5748284781846709,-0.014962544870187208,-0.012411475064869837,0.0936355031290496,0.09473093465352364,0.09179894051081487,0.932,1
Polity,Start tied to the country effect,Persistence from difference GMM,0.5897910230548581,0,d_one_coll,"Arellano-Bond, difference GMM (one-step)",beta,0,1,0.011067117592532922,0.011067117592532922,0.011087854312409107,0.14577015349169511,0.14604424283586578,0.13480081384928247,0.936,0.064
Polity,Start tied to the country effect,Persistence from difference GMM,0.5897910230548581,0,d_one_unc,"Difference GMM, uncollapsed, all lags (one-step)",alpha,0.5897910230548581,1,0.47520134982609696,-0.11458967322876117,-0.11253020678483072,0.0794426499823582,0.13938904396551868,0.07484721595263931,0.668,1
Polity,Start tied to the country effect,Persistence from difference GMM,0.5897910230548581,0,d_one_unc,"Difference GMM, uncollapsed, all lags (one-step)",beta,0,1,0.012894464937583611,0.012894464937583611,0.02137745429326543,0.11156037183633656,0.1121922116599888,0.10163612745069443,0.94,0.06
Polity,Start tied to the country effect,Persistence from difference GMM,0.5897910230548581,0,d_two_coll,"Arellano-Bond, difference GMM (two-step)",alpha,0.5897910230548581,1,0.5774271986203607,-0.012363824434497362,-0.016820303940741466,0.09522825398680279,0.09593303743396929,0.09524184952472138,0.934,1
Polity,Start tied to the country effect,Persistence from difference GMM,0.5897910230548581,0,d_two_coll,"Arellano-Bond, difference GMM (two-step)",beta,0,1,0.011053460190450557,0.011053460190450557,0.010145942699609556,0.1504253497737546,0.15068081916763393,0.13933385214676577,0.94,0.06
Polity,Start tied to the country effect,Persistence from difference GMM,0.5897910230548581,0,d_two_unc,"Difference GMM, uncollapsed, all lags (two-step)",alpha,0.5897910230548581,1,0.4706307069001168,-0.11916031615474128,-0.11376053165125188,0.08954153733555699,0.14899943785362418,0.08770352107476924,0.738,0.998
Polity,Start tied to the country effect,Persistence from difference GMM,0.5897910230548581,0,d_two_unc,"Difference GMM, uncollapsed, all lags (two-step)",beta,0,1,0.016072167759285057,0.016072167759285057,0.02213227168744958,0.12626361970826355,0.1271571124042691,0.11516842916872504,0.938,0.062
Polity,Start tied to the country effect,Persistence from difference GMM,0.5897910230548581,0,fe,Fixed effects,alpha,0.5897910230548581,1,0.36479940090717133,-0.22499162214768675,-0.2257151376883756,0.03645612079691576,0.2279202068328292,0.03884606113378079,0,1
Polity,Start tied to the country effect,Persistence from difference GMM,0.5897910230548581,0,fe,Fixed effects,beta,0,1,0.016126689419789664,0.016126689419789664,0.018173806229205745,0.0421302044387129,0.04507187958625647,0.046154873307349194,0.95,0.05
Polity,Start tied to the country effect,Persistence from difference GMM,0.5897910230548581,0,ld_one_coll,"Blundell-Bond, system GMM (one-step)",alpha,0.5897910230548581,1,0.5613997206942405,-0.028391302360617595,-0.027487836542459676,0.07656951950786638,0.08159185979472584,0.07723753101411014,0.94,0.998
Polity,Start tied to the country effect,Persistence from difference GMM,0.5897910230548581,0,ld_one_coll,"Blundell-Bond, system GMM (one-step)",beta,0,1,0.05258828411383131,0.05258828411383131,0.051367262516825996,0.045576845574171784,0.06956020400217326,0.04797616093431727,0.766,0.234
Polity,Start tied to the country effect,Persistence from difference GMM,0.5897910230548581,0,ld_two_coll,"Blundell-Bond, system GMM (two-step)",alpha,0.5897910230548581,1,0.5665940850511035,-0.023196938003754507,-0.020984759361621697,0.07749758739004538,0.08082055575115281,0.07891196117055976,0.944,1
Polity,Start tied to the country effect,Persistence from difference GMM,0.5897910230548581,0,ld_two_coll,"Blundell-Bond, system GMM (two-step)",beta,0,1,0.049605384492792524,0.049605384492792524,0.049511558545836776,0.04985190443240363,0.07029179270344592,0.05160336808784845,0.788,0.212
Polity,Start tied to the country effect,Persistence from difference GMM,0.5897910230548581,0,ld_two_unc,"System GMM, uncollapsed, all lags (two-step)",alpha,0.5897910230548581,1,0.5947938433222155,0.0050028202673574945,0.005414985893244351,0.06783996284757823,0.06795648790711564,0.06288827977087966,0.918,1
Polity,Start tied to the country effect,Persistence from difference GMM,0.5897910230548581,0,ld_two_unc,"System GMM, uncollapsed, all lags (two-step)",beta,0,1,0.04513627682331575,0.04513627682331575,0.04477542066750595,0.027688678363419348,0.05293782267117577,0.027813180665071296,0.61,0.39
Polity,Start tied to the country effect,Persistence from difference GMM,0.5897910230548581,0,ols,Pooled OLS,alpha,0.5897910230548581,1,0.8328695343718893,0.24307851131703118,0.2435183939667495,0.018574835669426776,0.24378576073103608,0.018112640332054415,0,1
Polity,Start tied to the country effect,Persistence from difference GMM,0.5897910230548581,0,ols,Pooled OLS,beta,0,1,0.0152413144310584,0.0152413144310584,0.015146098987422512,0.0037549475359603757,0.015696149123979687,0.0037254423545385793,0.004,0.996
Polity,Start tied to the country effect,Persistence that reproduces the fixed-effects estimate,0.7019498325086859,0,abr,"Arellano-Bond, difference GMM (replication)",alpha,0.7019498325086859,1,0.6338497297692927,-0.06810010273939332,-0.06679677338256518,0.06398337034605728,0.09339865058230214,0.06388975364490679,0.812,1
Polity,Start tied to the country effect,Persistence that reproduces the fixed-effects estimate,0.7019498325086859,0,abr,"Arellano-Bond, difference GMM (replication)",beta,0,1,0.032527208467634586,0.032527208467634586,0.027689899131638107,0.10350679518777839,0.1083985637701975,0.0979175875045635,0.93,0.07
Polity,Start tied to the country effect,Persistence that reproduces the fixed-effects estimate,0.7019498325086859,0,ah,Anderson-Hsiao IV,alpha,0.7019498325086859,1,0.6981357796108902,-0.0038140528977957428,-0.007383654592927391,0.08380753590239885,0.08381051644865929,0.08344118323326352,0.932,1
Polity,Start tied to the country effect,Persistence that reproduces the fixed-effects estimate,0.7019498325086859,0,ah,Anderson-Hsiao IV,beta,0,1,0.005332134353739812,0.005332134353739812,0.002157575196052744,0.12132801013185812,0.12132385061164803,0.12120460701649023,0.954,0.046
Polity,Start tied to the country effect,Persistence that reproduces the fixed-effects estimate,0.7019498325086859,0,d_one_coll,"Arellano-Bond, difference GMM (one-step)",alpha,0.7019498325086859,1,0.6846846759963301,-0.017265156512355846,-0.01966784994023818,0.09216734760414295,0.09367985884836873,0.09108764149528063,0.94,1
Polity,Start tied to the country effect,Persistence that reproduces the fixed-effects estimate,0.7019498325086859,0,d_one_coll,"Arellano-Bond, difference GMM (one-step)",beta,0,1,0.008411194781941314,0.008411194781941314,0.004892043600543516,0.14607357356610362,0.14616963472022126,0.13874479295741232,0.948,0.052
Polity,Start tied to the country effect,Persistence that reproduces the fixed-effects estimate,0.7019498325086859,0,d_one_unc,"Difference GMM, uncollapsed, all lags (one-step)",alpha,0.7019498325086859,1,0.5797310952825931,-0.12221873722609279,-0.12058618222980255,0.07573756914689037,0.14374326680112764,0.07454640724502493,0.634,1
Polity,Start tied to the country effect,Persistence that reproduces the fixed-effects estimate,0.7019498325086859,0,d_one_unc,"Difference GMM, uncollapsed, all lags (one-step)",beta,0,1,0.017716792588238817,0.017716792588238817,0.02207861952138357,0.11280968634840689,0.11408092751627046,0.1041763335154412,0.94,0.06
Polity,Start tied to the country effect,Persistence that reproduces the fixed-effects estimate,0.7019498325086859,0,d_two_coll,"Arellano-Bond, difference GMM (two-step)",alpha,0.7019498325086859,1,0.6873571626643648,-0.014592669844321135,-0.018495322441864026,0.09418728270614903,0.09521789615564014,0.09454843426090657,0.954,1
Polity,Start tied to the country effect,Persistence that reproduces the fixed-effects estimate,0.7019498325086859,0,d_two_coll,"Arellano-Bond, difference GMM (two-step)",beta,0,1,0.009166426070145608,0.009166426070145608,0.0065658386774885,0.15135311724566722,0.1514792854969952,0.14363008257997195,0.948,0.052
Polity,Start tied to the country effect,Persistence that reproduces the fixed-effects estimate,0.7019498325086859,0,d_two_unc,"Difference GMM, uncollapsed, all lags (two-step)",alpha,0.7019498325086859,1,0.574870979832871,-0.12707885267581484,-0.1232512364686969,0.08743543500418338,0.15420343764385894,0.08836952468112473,0.706,1
Polity,Start tied to the country effect,Persistence that reproduces the fixed-effects estimate,0.7019498325086859,0,d_two_unc,"Difference GMM, uncollapsed, all lags (two-step)",beta,0,1,0.02315678727968977,0.02315678727968977,0.022539210660331932,0.1286103650231104,0.13055183467309733,0.11873407818646778,0.938,0.062
Polity,Start tied to the country effect,Persistence that reproduces the fixed-effects estimate,0.7019498325086859,0,fe,Fixed effects,alpha,0.7019498325086859,1,0.45125819622879343,-0.2506916362798925,-0.2517871787363269,0.03601895883469261,0.2532608678130795,0.03846218548261644,0,1
Polity,Start tied to the country effect,Persistence that reproduces the fixed-effects estimate,0.7019498325086859,0,fe,Fixed effects,beta,0,1,0.018765852048093414,0.018765852048093414,0.020246460553025494,0.044567405327431725,0.04831602543127157,0.04751522285762232,0.934,0.066
Polity,Start tied to the country effect,Persistence that reproduces the fixed-effects estimate,0.7019498325086859,0,ld_one_coll,"Blundell-Bond, system GMM (one-step)",alpha,0.7019498325086859,1,0.6774982160179179,-0.024451616490768043,-0.02420940504537361,0.07347990884342889,0.07737169998547884,0.07543040959682724,0.954,1
Polity,Start tied to the country effect,Persistence that reproduces the fixed-effects estimate,0.7019498325086859,0,ld_one_coll,"Blundell-Bond, system GMM (one-step)",beta,0,1,0.047185354043306156,0.047185354043306156,0.04733873741045436,0.04330542028314479,0.06401614127109002,0.0437097407588079,0.812,0.188
Polity,Start tied to the country effect,Persistence that reproduces the fixed-effects estimate,0.7019498325086859,0,ld_two_coll,"Blundell-Bond, system GMM (two-step)",alpha,0.7019498325086859,1,0.6805275901542179,-0.021422242354467984,-0.021783033201166868,0.07427807320226797,0.07723412562991665,0.07757587471127864,0.956,1
Polity,Start tied to the country effect,Persistence that reproduces the fixed-effects estimate,0.7019498325086859,0,ld_two_coll,"Blundell-Bond, system GMM (two-step)",beta,0,1,0.046045550973969396,0.046045550973969396,0.046464182347905614,0.045695193305036366,0.0648387797101294,0.04665235768417788,0.822,0.178
Polity,Start tied to the country effect,Persistence that reproduces the fixed-effects estimate,0.7019498325086859,0,ld_two_unc,"System GMM, uncollapsed, all lags (two-step)",alpha,0.7019498325086859,1,0.6764094920268315,-0.0255403404818544,-0.023197256389313692,0.06364621341348191,0.06852041880227959,0.0614173209685907,0.914,1
Polity,Start tied to the country effect,Persistence that reproduces the fixed-effects estimate,0.7019498325086859,0,ld_two_unc,"System GMM, uncollapsed, all lags (two-step)",beta,0,1,0.039258308724889814,0.039258308724889814,0.03844470623100238,0.02432985614422331,0.046173291198888605,0.02566162350293013,0.66,0.34
Polity,Start tied to the country effect,Persistence that reproduces the fixed-effects estimate,0.7019498325086859,0,ols,Pooled OLS,alpha,0.7019498325086859,1,0.8340198698114203,0.13207003730273437,0.13186612959829946,0.01838194541918293,0.13334059726394165,0.017766057956074985,0,1
Polity,Start tied to the country effect,Persistence that reproduces the fixed-effects estimate,0.7019498325086859,0,ols,Pooled OLS,beta,0,1,0.01631578055455742,0.01631578055455742,0.01610629267457455,0.0040185879160365544,0.01680242380865663,0.0039401561241847434,0.006,0.994
